"Das ukrainische Kulturerbe erlitt während der russischen Invasion 2022 erhebliche Schäden. Durch die Kämpfe bei der russischen Invasion in die Ukraine ab dem 24. Februar 2022 wurden viele Stücke des ukrainischen Kulturerbes zerstört, beschädigt oder durch die weitreichenden Zerstörungen im ganzen Land gefährdet. Bei der Invasion, die eine erhebliche Eskalation des 2014 begonnenen russisch-ukrainischen Krieges darstellt, handelt sich um den größten militärischen Angriff in Europa seit dem Zweiten Weltkrieg."
"In der Ukraine gibt es sieben Welterbestätten der Organisation der Vereinten Nationen für Erziehung, Wissenschaft und Kultur (UNESCO), darunter die Sophienkathedrale in Kiew, die Kiewer Höhlenkloster und ein ganzes Viertel von Lwiw.Weitere Stätten in Charkiw, Mykolajiw und Tschernihiw wurden für die Aufnahme in die Liste des Welterbes in Betracht gezogen, aber vor der Invasion nicht aufgenommen."
"Ende April 2022 wurde berichtet, dass die Ukraine das Wrack der Moskwa als 'Unterwasserkulturerbe' registriert hat."
"Am 1. April 2023 meldete die UNESCO die vollständige oder teilweise Beschädigung von mindestens 53 Objekten: 29 religiöse Stätten, 16 historische Gebäude, vier Museen und vier Denkmäler. Die Liste wurde als unvollständig bezeichnet, da einige Daten noch überprüft werden müssen.Am selben Tag meldete die Ukrainische Kulturstiftung vorläufig mehr als 150 beschädigte Objekte.Am 9. Mai hatte die UNESCO Schäden an 127 Stätten festgestellt: 54 religiöse Gebäude, 11 Museen, 26 historische Gebäude, 14 Gebäude für kulturelle Aktivitäten, 15 Denkmäler und sieben Bibliotheken."
"Am 25. Februar 2022 brannte das Iwankiw-Museum für Geschichte und Heimatgeschichte, etwa fünfzig Kilometer von der Hauptstadt entfernt, nach russischem Bombardement bis auf die Grundmauern nieder. Das Museum enthielt volkstümliche Kunstwerke, darunter Gemälde von Marija Prymatschenko und Textilarbeiten von Hanna Veres. Einige Gemälde und andere Gegenstände wurden von Einheimischen aus dem brennenden Gebäude gerettet. Die Zahl der zerstörten oder beschädigten Kunstwerke von Prymatschenko, Veres und anderen Künstlern ist derzeit nicht bekannt."
"Das im Bau befindliche Holocaust-Gedenkzentrum Babyn Jar wurde am 1. März 2022 beschädigt. Ein Museumsgebäude des Zentrums erlitt strukturelle Schäden und der angrenzende Friedhof wurde beschädigt. Andere Elemente der Gedenkstätte, darunter die Synagoge und die Menora-Skulptur, wurden nicht beschädigt. Das Gebäude der Kleinen Oper Kiew wurde am 15. März beschädigt."
"Die Dormitio-Kathedrale wurde während der Schlacht um Charkiw beschädigt. Kunstwerke und Glasmalereien in der Kathedrale wurden durch einen Marschflugkörper beschädigt, der auch das Stadtzentrum von Charkiw beschädigte. Das Slowo-Gebäude in Charkiw wurde ebenfalls beschädigt. Eine den Opfern des Holocaust gewidmete Erinnerungsstücke an das Massaker von Drobyzkyj Jar am Stadtrand von Charkiw wurde durch russische Militäraktionen beschädigt. Am 7. März wurde das Kunstmuseum in Charkiw äußerlich beschädigt, und obwohl die Ausstellungen nicht beschädigt wurden, waren sie weiterhin durch Straßen- und Luftangriffe gefährdet. Viele moderne Gebäude wurden beschädigt, darunter das Gebäude der Regionalverwaltung von Charkiw, die Stadtverwaltung von Charkiw, das Opern- und Balletttheater und das Gebäude der Wirtschaftsfakultät der Universität Charkiw"
"Im April 2022 gab die Stadtverwaltung von Mariupol bekannt, dass über zweitausend Exponate aus den Museen von Mariupol geplündert worden waren, darunter Originalwerke von Archip Kuindschi und Iwan Aiwasowski. Die meisten Exponate des Heimatmuseums und des Kuindschi-Kunstmuseums wurden von den russischen Besatzungstruppen entfernt. Die Direktorin des Heimatmuseums von Mariupol, Natalia Kapustnikowa, erklärte jedoch gegenüber der kremlnahen Nachrichtenagentur Iswestija, sie habe die Werke von Aiwasowski und Kuindschi 'nach dem Ende der Feindseligkeiten' den russischen Streitkräften übergeben."
"Freiwillige Helfer auf der ganzen Welt arbeiten daran, digitale Inhalte des ukrainischen Kulturerbes zu archivieren, die durch die russische Invasion im Jahr 2022 von Zerstörung bedroht sind. Das Internet Archive unterstützt verschiedene Bemühungen zur Bewahrung des ukrainischen Kulturerbes, darunter die Initiative Saving Ukrainian Cultural Heritage Online (SUCHO), die am 1. März 2022 gestartet wurde."
"SUCHO entstand, nachdem sich drei Wissenschaftler der Stanford University, der Tufts University und des Österreichischen Zentrums für digitale Geisteswissenschaften und kulturelles Erbe Ende Februar 2022 über Twitter zusammengeschlossen hatten. Die Gruppe bemühte sich um eine Ausweitung der Nutzung der Internet Archives Wayback Machine, die nur die Homepage dokumentiert, und nutzte Zuschüsse der Association for Computers and the Humanities und der European Association for Digital Humanities sowie von Amazon und DigitalOcean. In den ersten zwei Wochen der Initiative wurden mehr als 1500 Websites, digitale Ausstellungen, Open-Access-Veröffentlichungen und andere Online-Ressourcen ukrainischer Kultureinrichtungen digital archiviert, was einer Datenmenge von etwa drei Terabyte entspricht."
"Das Projekt Backup Ukraine wurde im Mai 2022 angekündigt und arbeitet in Partnerschaft mit Virtue der VICE Media Group, Blue Shield Danmark und der dänischen UNESCO-Nationalkommission. Das Projekt bittet Freiwillige, mit einer App Objekte in der Ukraine zu scannen, die dann in ein 3D-Modell umgewandelt und in eine Cloud-Datenbank hochgeladen werden, um sie zu sichern. Zu den bereits in das Projekt hochgeladenen Scans gehören alltägliche Gegenstände wie Schlafzimmer und Haustiere sowie Kunstwerke."
"Einige Wissenschaftler wie ein Lexikograf und Dozent für ukrainische Sprache an der Columbia University haben die Befürchtung geäußert, dass durch die fortgesetzte Zerstörung der ukrainischen Kultur durch die russischen Streitkräfte versucht wird, die Ukraine zu vernichten, selbst wenn die Ukraine den Krieg gewinnt. Diese Beunruhigungen wurden vom Direktor des UNESCO-Welterbezentrums geäußert, der erklärte, dass die Ukraine nicht nur einen Teil ihres kulturellen Erbes verliere, sondern auch ihre Identität und einen Teil ihrer Geschichte, wenn der Krieg nicht beendet werde."
"Ukrainische Wissenschaftler haben sich besorgt über eine 'sich anbahnende kulturelle Katastrophe' geäußert, was auch vom Präsidenten und CEO des J. Paul Getty Trust, James Cuno, aufgegriffen wurde. In seiner Erklärung verurteilte Cuno die kulturellen Gräueltaten in der Ukraine sowie die Verluste an Menschen und Umwelt und erklärte, dass der Schutz und die Bewahrung des kulturellen Erbes einen zentralen Wert darstellen. Die Smithsonian Cultural Rescue Initiative arbeitete mit ukrainischen Kontaktpersonen zusammen, die in der Erhaltung des kulturellen Erbes geschult wurden, um Unterstützung zu leisten."
"Das Simon-Wiesenthal-Zentrum forderte die UNESCO am 7. März 2022 auf, unverzüglich Maßnahmen zum Schutz aller religiösen und kulturellen Stätten in der Ukraine zu ergreifen, nachdem berichtet wurde, dass Russland das Holocaust-Gedenkzentrum Babi Yar bombardiert hat.Das Wiesenthal-Zentrum forderte außerdem, dass Russland die ursprünglich für den 19. bis 30. Juni geplante Welterbekonferenz wegen der russischen Invasion nicht ausrichten darf, da die Konferenz in Kasan, einer Stadt in der Republik Tatarstan, die ein Föderationssubjekt Russlands ist, stattfinden sollte."
"Das ukrainische Kulturzentrum in East Hollywood, Los Angeles, Kalifornien, veranstaltete eine Kunstspendenaktion, bei der Werke ukrainischer Künstler in LA in einer Kunstausstellung und einer stillen Auktion vorgestellt wurden, sowie ein Konzert mit Werken des verstorbenen Myroslaw Skoryk. Die Veranstalter erklärten, dass der gesamte Erlös für humanitäre Hilfe in der Ukraine gespendet wird, und hofften, dass das kulturelle Erbe und die Sprache an eine weitere Generation weitergegeben werden. Andere, sowohl Flüchtlinge als auch Einwanderer, haben sich während der Feiertage außerhalb der Ukraine an Traditionen und traditioneller Kleidung orientiert, um ihre Unterstützung und Widerstandsfähigkeit gegen die Invasion zu zeigen."